B0000AXP2J,[0.765],[5],"[[excellent, thanks]]","[[excellent thanks, 0.765, 5]]"
B0002J2E62,[0.6369],[5],"[[fit, toyota, camry]]","[[fit toyota camry, 0.6369, 5]]"
B00078NIUY,[0.0],[5],"[[receive, expect]]","[[receive expect, 0.0, 5]]"
B000PTLMAS,[0.3384],[5],"[[work, others, didnt]]","[[work others didnt, 0.3384, 5]]"
B001AO2TZO,[0.0],[1],"[[cant, place, blow, fuse]]","[[cant place blow fuse, 0.0, 1]]"
B001ED6EIE,[0.4404],[4],[[case]],"[[case, 0.4404, 4]]"
B0027FM3Y2,[0.0],[5],[[work]],"[[work, 0.0, 5]]"
B002QZH91U,[0.0],[3],"[[work, kinda, flimsy]]","[[work kinda flimsy, 0.0, 3]]"
B003L781UU,"[0.4404, 0.6369]","[4, 5]","[[work, town, country, remote, need, change, system, headphone, stereo, set, headphone, use, stereo, listen, radio, cd], [buy]]","[[work town country remote need change system headphone stereo set headphone use stereo listen radio cd, 0.4404, 4], [buy, 0.6369, 5]]"
B003O5HP88,"[0.7579, 0.6249, 0.0]","[5, 5, 4]","[[product, excellent, price, save, purchase, phone], [look, right, havent, use], [work]]","[[product excellent price save purchase phone, 0.7579, 5], [look right havent use, 0.6249, 5], [work, 0.0, 4]]"
B0040UJ17O,[-0.8569],[1],"[[head, set, fall, apart, take, package, look, part, underneath, rubber, glue, let, dry, send, try, lift, rubber, rip, quality, star, price, think, send, buy, risk]]","[[head set fall apart take package look part underneath rubber glue let dry send try lift rubber rip quality star price think send buy risk, -0.8569, 1]]"
B0042DILE8,[0.4939],[4],"[[didnt, work, display, scramble, purple, white, well, luck, problem, contact, seller]]","[[didnt work display scramble purple white well luck problem contact seller, 0.4939, 4]]"
B0046H8ZFU,"[0.8689, 0.9868, 0.5464, 0.2014]","[5, 5, 4, 3]","[[arrive, last, day, amazon, send, replacement, speak, update, review, leave, star, night, use, ear, sound, sure, others, say, sound, wonder, get, product, update, get, one], [using, specific, type, brand, earbuds, sleep, year, theyre, sleep, cord, bend, short, pair, short, decide, look, something, make, sleep, narrow, brand, chose, brand, speaker, suppose, quality, theyre, wonderful, theyve, get, nice, amount, bass, earbuds, theres, comparison, im, tell, mother, law, get, product, help, drown, father, law, snore, say, material, hot, dont, agree, take, medication, cause, sweat, try, sleepphones, summer, day, yes, im, indoors, doesnt, matter, come, sweat, smallest, amount, heat, make, sweat, im, sweat, headband, got, medium, snug, give, fit, say, head, average, size, im, female, lb, youre, id, go, larger, size, dont, want, snug, wonderful, product, update, ive, use, sleepphones, night, part, day, theyre, thing, take, morning, cartilage, part, upper, ear, sore, say, thing, isnt, tight, reason, push, ear, way, theyre, sore, touch, cant, feel, ear, put, sleepphones, band, wonder, keep, wear, ear, get, use, likea, pair, leather, shoe, itll, hurt, doesnt, hmmmm], [toss, turn, leave, degree, plain, fine, turn, degree, wake, cord, neck, put, cord, top, head, ipod, sits, night, stand, issue, speaker, soft, great, sound, get, help, block, vibrate, noise, build, block, volume, unique, annoying, sound, dont, let, discourage, block, noise, get, star, noise, cancel, technology, way, run, cord, sound, believe, true, way, advertise, way, others, describe], [use, week, warm, quality, sound, slept, neighbor, party]]","[[arrive last day amazon send replacement speak update review leave star night use ear sound sure others say sound wonder get product update get one, 0.8689, 5], [using specific type brand earbuds sleep year theyre sleep cord bend short pair short decide look something make sleep narrow brand chose brand speaker suppose quality theyre wonderful theyve get nice amount bass earbuds theres comparison im tell mother law get product help drown father law snore say material hot dont agree take medication cause sweat try sleepphones summer day yes im indoors doesnt matter come sweat smallest amount heat make sweat im sweat headband got medium snug give fit say head average size im female lb youre id go larger size dont want snug wonderful product update ive use sleepphones night part day theyre thing take morning cartilage part upper ear sore say thing isnt tight reason push ear way theyre sore touch cant feel ear put sleepphones band wonder keep wear ear get use likea pair leather shoe itll hurt doesnt hmmmm, 0.9868, 5], [toss turn leave degree plain fine turn degree wake cord neck put cord top head ipod sits night stand issue speaker soft great sound get help block vibrate noise build block volume unique annoying sound dont let discourage block noise get star noise cancel technology way run cord sound believe true way advertise way others describe, 0.5464, 4], [use week warm quality sound slept neighbor party, 0.2014, 3]]"
B004AD5E0E,[0.7579],[5],"[[awesome, ipod, case, snap, color, pop]]","[[awesome ipod case snap color pop, 0.7579, 5]]"
B004B3KANO,[-0.4215],[2],"[[phone, last, year, broke, ]]","[[phone last year broke , -0.4215, 2]]"
B004G7BKFC,"[0.2135, -0.1027]","[3, 5]","[[find, older, iphonethis, need], [product, work, adaptor, portion, plan, use, motorcycle, hit, tank, make, tight, turn]]","[[find older iphonethis need, 0.2135, 3], [product work adaptor portion plan use motorcycle hit tank make tight turn, -0.1027, 5]]"
B004LF76MA,"[0.875, 0.7906, 0.0]","[5, 5, 5]","[[work, great, install], [cant, beat, price], [nice, clean, eazy, read, hear, clear, volume]]","[[work great install, 0.875, 5], [cant beat price, 0.7906, 5], [nice clean eazy read hear clear volume, 0.0, 5]]"
B004MYFTEW,"[-0.3818, 0.4404, -0.2755, 0.5984]","[1, 5, 1, 5]","[[gps, system, use], [receive, august, gps, equipment, doesnt, turn, connect, computer, see, source, energy, equipment, restart, equipment, deathbr, feel, company, steal, money, sell, equipment, least, month, unacceptable, situation, expect, nobody, face], [beware, item, gigabyte, memory, canadaus, map, megabytes, leave, load, map, update, fit, return], [buy, cartrip, canada, ne, battery, life, ease, car, charger, work, canada, help, navigate, street, montreal, backroads]]","[[gps system use, -0.3818, 1], [receive august gps equipment doesnt turn connect computer see source energy equipment restart equipment deathbr feel company steal money sell equipment least month unacceptable situation expect nobody face, 0.4404, 5], [beware item gigabyte memory canadaus map megabytes leave load map update fit return, -0.2755, 1], [buy cartrip canada ne battery life ease car charger work canada help navigate street montreal backroads, 0.5984, 5]]"
B004RWM5SM,[0.7964],[5],"[[goggles, well, get]]","[[goggles well get, 0.7964, 5]]"
B004S4XKRO,[0.8131],[4],"[[car, stereo, list, amazon, work, work, get, use, button, arrangement, breeze, operate, prefer, unit, wit, remote, control, cant, everything, price, day, concern, unit, make, china, experience, good, kraap, last, power, tissue, bonfire, see, notwithstanding, volume, sound, adequate, radio, sensitivity, ergonomics, decent, give, radio, star, didnt, smoke, detonate, nanosecond]]","[[car stereo list amazon work work get use button arrangement breeze operate prefer unit wit remote control cant everything price day concern unit make china experience good kraap last power tissue bonfire see notwithstanding volume sound adequate radio sensitivity ergonomics decent give radio star didnt smoke detonate nanosecond, 0.8131, 4]]"
B004YGALYQ,[0.6249],[5],"[[work, describe]]","[[work describe, 0.6249, 5]]"
B005CB0KZC,[0.4404],[5],[[buy]],"[[buy, 0.4404, 5]]"
B005EI19DA,[0.3612],[1],"[[battery, hold, charge, hour, maybe, hr]]","[[battery hold charge hour maybe hr, 0.3612, 1]]"
B005P0GX8S,[0.4404],[4],"[[phone, good]]","[[phone good, 0.4404, 4]]"
B0062IG4UY,[0.0],[1],"[[wouldnt, work, iphone, design]]","[[wouldnt work iphone design, 0.0, 1]]"
B00871Q5PI,"[0.5719, 0.3384, 0.5719, 0.836, 0.4265, 0.5859, 0.8885]","[5, 5, 5, 5, 4, 5, 5]","[[work, extension, quality], [work, flash, drive, dont, microusb, side, transfer, file], [work], [excellent, quality, describe], [price, usb, gto, cable, hp, stream, tablet, right, prevent, use, audio, jack, micro, usb, connector], [work, issue], [buy, android, phone, wish, phone, work]]","[[work extension quality, 0.5719, 5], [work flash drive dont microusb side transfer file, 0.3384, 5], [work, 0.5719, 5], [excellent quality describe, 0.836, 5], [price usb gto cable hp stream tablet right prevent use audio jack micro usb connector, 0.4265, 4], [work issue, 0.5859, 5], [buy android phone wish phone work, 0.8885, 5]]"
B008HLVWH4,[0.0],[2],[[buy]],"[[buy, 0.0, 2]]"
B008MTYEZS,[0.8979],[5],"[[work, install, email, company, question, ok, help, department]]","[[work install email company question ok help department, 0.8979, 5]]"
B008N6SNX4,[-0.2755],[1],"[[fit, phone, way]]","[[fit phone way, -0.2755, 1]]"
B0092GIFQ4,"[-0.3687, -0.9001]","[4, 3]","[[love, breeze, battery, die, buy, unlock, breeze, move, sim, card, connect, att, network, loss, contact, beware, breeze, convenient, easytounderstand, phone, im, sound, quality, echoing, dead, second, battery, last, hour, use, ill, get, use, difficulty, face, ridiculousness, smart, phone, take, picture, memory, store], [buy, spouse, doesnt, smart, phone, work, turn, data, smart, phone, contact, carrier, number, block, data, usage, phone]]","[[love breeze battery die buy unlock breeze move sim card connect att network loss contact beware breeze convenient easytounderstand phone im sound quality echoing dead second battery last hour use ill get use difficulty face ridiculousness smart phone take picture memory store, -0.3687, 4], [buy spouse doesnt smart phone work turn data smart phone contact carrier number block data usage phone, -0.9001, 3]]"
B00A3UG6KA,[-0.4767],[2],"[[week, son, phone, shatter]]","[[week son phone shatter, -0.4767, 2]]"
B00AA5AH62,[0.8123],[2],"[[recommend, buy, filament, try, something, different, buy, hatchbox, begin, spool, isnt, filament, tends, unwind, cause, monitor, extruder, clog, rare, printer, curling, bigger, longer, build, split, print, piece, roll, indicative, filament, line, itll, time, venture, sainsmart]]","[[recommend buy filament try something different buy hatchbox begin spool isnt filament tends unwind cause monitor extruder clog rare printer curling bigger longer build split print piece roll indicative filament line itll time venture sainsmart, 0.8123, 2]]"
B00ANZWAUK,[0.8481],[5],"[[wear, purse, wristlet, fit, everything, everything, u, room, use, coin, zipper, pocket]]","[[wear purse wristlet fit everything everything u room use coin zipper pocket, 0.8481, 5]]"
B00B4HPZ9E,"[-0.1901, 0.0]","[4, 1]","[[bull], [excellent, condition, couldnt, get, connect]]","[[bull, -0.1901, 4], [excellent condition couldnt get connect, 0.0, 1]]"
B00B97X87U,[0.9517],[5],"[[fit, phone, protect, break, drop, phone, get, lot, compliment, cute]]","[[fit phone protect break drop phone get lot compliment cute, 0.9517, 5]]"
B00BBSAFU0,[0.7067],[5],"[[im, sure, discontinue, ear, bud, theyre, provide, bass, set, ruin, fault, put, washer, time, work, beat, ear, bud, come]]","[[im sure discontinue ear bud theyre provide bass set ruin fault put washer time work beat ear bud come, 0.7067, 5]]"
B00BSKEIHM,[0.2935],[1],"[[alot, instal, testing, work, biggest, piece, junk, buy, use, flea, market, buy, work, bench, testing, instal, car, thing, get, busy, install, month, get, time, put, car, lose, powerspeaker, plug, email, seller, see, buy, replacement, needle, say, got, run, threaten, change, review, review, product, get, picture, plug, email, think, solder, plug, socket, time, ive, open, dvd, player, get, half, way, done, solder, plug, wire, go, test, notest, badbroken, ribbon, cable, socket, mean, thing, go, part, say, save, time, money, go, brand, seler, product, customer, service, unwilling, help, get, replacement, part]]","[[alot instal testing work biggest piece junk buy use flea market buy work bench testing instal car thing get busy install month get time put car lose powerspeaker plug email seller see buy replacement needle say got run threaten change review review product get picture plug email think solder plug socket time ive open dvd player get half way done solder plug wire go test notest badbroken ribbon cable socket mean thing go part say save time money go brand seler product customer service unwilling help get replacement part, 0.2935, 1]]"
B00CSFF1M2,[-0.296],[5],[[comment]],"[[comment, -0.296, 5]]"
B00CXX8748,[0.4404],[5],"[[work, intend, sturdy, quality]]","[[work intend sturdy quality, 0.4404, 5]]"
B00D4C4OPI,[0.8948],[5],"[[iphone, case, want, delivery, fast, recommend, amazon, family, friend]]","[[iphone case want delivery fast recommend amazon family friend, 0.8948, 5]]"
B00D5X5BHQ,[0.9442],[5],"[[look, great, fit, feel, leather, nice, touch]]","[[look great fit feel leather nice touch, 0.9442, 5]]"
B00DDMYC5Q,[-0.7096],[1],"[[item, work, nokia, x, waste, money, time]]","[[item work nokia x waste money time, -0.7096, 1]]"
B00DHGB1WU,[0.4449],[4],"[[case, describe, arrive, closure, isnt]]","[[case describe arrive closure isnt, 0.4449, 4]]"
B00E4XNLSM,[-0.4215],[2],"[[didnt, week, waste, money]]","[[didnt week waste money, -0.4215, 2]]"
B00EKFH2VG,[0.3384],[5],"[[work, get, truck]]","[[work get truck, 0.3384, 5]]"
B00ENOSLBO,[0.0],[5],"[[need, phone]]","[[need phone, 0.0, 5]]"
B00EO984NI,[0.5423],[5],"[[deliver, time, year, drop, phone, occasion, remain, intact, product]]","[[deliver time year drop phone occasion remain intact product, 0.5423, 5]]"
B00ESNTD2Q,[0.6249],[5],"[[protection, finish]]","[[protection finish, 0.6249, 5]]"
B00ESYO8OI,[0.802],[5],"[[productvery, cute, drop, phone, time, dont]]","[[productvery cute drop phone time dont, 0.802, 5]]"
B00F4JJYO0,[-0.9676],[2],"[[case, fit, break, month, purchase, wife, surprise, apologize, receive, quality, didnt, want, think, cheapskatebr, upload, product, image, look, quality, case, receive, resolution, sort, grainybr, junior, teenager, want, something, cute, custom, doesnt, recognize, care, overall, qualitybr, wont, wife, use, phone, case, fell, keep, keyboard, close, use, phonebr, sorry, photo, comment, think, discard, case, frustration, photo, take]]","[[case fit break month purchase wife surprise apologize receive quality didnt want think cheapskatebr upload product image look quality case receive resolution sort grainybr junior teenager want something cute custom doesnt recognize care overall qualitybr wont wife use phone case fell keep keyboard close use phonebr sorry photo comment think discard case frustration photo take, -0.9676, 2]]"
B00F4U6Q22,[-0.6619],[1],"[[didnt, fit, phone, seller, sent, second, case, charge, fit, offer, refund, money]]","[[didnt fit phone seller sent second case charge fit offer refund money, -0.6619, 1]]"
B00FAO5HOA,"[0.6249, 0.0]","[5, 5]","[[convenient, protective], [shipment, quality, price]]","[[convenient protective, 0.6249, 5], [shipment quality price, 0.0, 5]]"
B00FBN8HW4,"[0.9231, 0.8126]","[2, 5]","[[reason, case, make, anyone, understand, super, cute, level, protection, great, wish, people, understand], [case, teenager, feel, confident, break, phone, case, protect, high, energy, teenager, activity]]","[[reason case make anyone understand super cute level protection great wish people understand, 0.9231, 2], [case teenager feel confident break phone case protect high energy teenager activity, 0.8126, 5]]"
B00FCLXTZK,[0.4767],[5],"[[perfect, fit, year, niece]]","[[perfect fit year niece, 0.4767, 5]]"
B00FKYY156,[0.4404],[5],"[[give, gift]]","[[give gift, 0.4404, 5]]"
B00FRERN86,[0.5719],[5],"[[nephew, love]]","[[nephew love, 0.5719, 5]]"
B00FSD4EJM,[0.6908],[4],"[[extend, charger, compliant, sometimes, cap, loosen, walk, applies, attach, book, bag, etc, charge, phone, hour, nonstop, getting, newer, version, breaksgets, lose]]","[[extend charger compliant sometimes cap loosen walk applies attach book bag etc charge phone hour nonstop getting newer version breaksgets lose, 0.6908, 4]]"
B00G2E0PXA,[0.743],[5],"[[perfect, fit, make, there, dust]]","[[perfect fit make there dust, 0.743, 5]]"
B00GHXGV7U,[0.0],[2],"[[battery, cause, phone, shut, less, year, dont, life]]","[[battery cause phone shut less year dont life, 0.0, 2]]"
B00GLPYTCI,[0.8945],[2],"[[hotspot, work, expect, month, wouldnt, connect, service, say, troubleshooting, give, model, black, work, dont, happen, thanks, goodness, buy, sale]]","[[hotspot work expect month wouldnt connect service say troubleshooting give model black work dont happen thanks goodness buy sale, 0.8945, 2]]"
B00GMW6MFW,[0.4939],[5],"[[make, flip, phone, fit, case]]","[[make flip phone fit case, 0.4939, 5]]"
B00GOGSPOW,"[-0.4019, 0.6249, 0.5719]","[5, 3, 5]","[[problem, arizona, heat, phone, use, less, insulate, case, temp], [excellent, product], [case, expect, offer, color]]","[[problem arizona heat phone use less insulate case temp, -0.4019, 5], [excellent product, 0.6249, 3], [case expect offer color, 0.5719, 5]]"
B00GOGV332,"[-0.4215, 0.2732]","[3, 5]","[[use, work, jawbone, fitness, tracker, sleep, tracker, band, compare, fitbit, others], [broke, month, purchase]]","[[use work jawbone fitness tracker sleep tracker band compare fitbit others, -0.4215, 3], [broke month purchase, 0.2732, 5]]"
B00GURMWI0,[0.3612],[3],"[[fit, card, folder, money, bc, snap, shut]]","[[fit card folder money bc snap shut, 0.3612, 3]]"
B00H1ZKISQ,[0.9343],[5],"[[year, old, daughter, love, case, phone, sturdy, slip, drop, effect, phone, grip, look]]","[[year old daughter love case phone sturdy slip drop effect phone grip look, 0.9343, 5]]"
B00H2BAGGI,"[0.6369, -0.128]","[5, 4]",[[case]],"[[case, 0.6369, 5], [, -0.128, 4]]"
B00HC8OFCC,[-0.0372],[3],"[[wish, wasnt, blue, light, happen, nice, know, thing, charge, dark, room, sleep]]","[[wish wasnt blue light happen nice know thing charge dark room sleep, -0.0372, 3]]"
B00HCJ5M96,[0.9128],[5],"[[sound, nice, pioneer, radio, voice, clear, bass, perfect, speaker]]","[[sound nice pioneer radio voice clear bass perfect speaker, 0.9128, 5]]"
B00HSXT3OQ,[0.9672],[4],"[[im, geniune, leather, fit, great, feel, thin, concern, last, longterm, enjoy, band, great, price]]","[[im geniune leather fit great feel thin concern last longterm enjoy band great price, 0.9672, 4]]"
B00HUHNB0W,[-0.4019],[4],[[snapping]],"[[snapping, -0.4019, 4]]"
B00I0FKG6K,[0.6249],[4],[[product]],"[[product, 0.6249, 4]]"
B00IJ0PVC0,[0.0],[1],"[[operate, power, button, case, instal, return]]","[[operate power button case instal return, 0.0, 1]]"
B00IJ1G3B2,[0.6249],[4],"[[work, great]]","[[work great, 0.6249, 4]]"
B00IJ51I3Q,[0.6249],[5],"[[fit, galaxy, note, great, purchase]]","[[fit galaxy note great purchase, 0.6249, 5]]"
B00IT67MCQ,"[0.6369, 0.4215, 0.0, 0.5719, 0.659, 0.3818]","[5, 5, 5, 5, 2, 5]","[[perfect], [charge, phone, cheap, price], [samsung, galaxy, phone, otter, box, defender, case, use, charger, hump, hold, larger, open, otter, box, preclude, plug, phone, reflection, use, usb, port, charger, resolve, issue, mention, revise, rating, star, charger, work], [nice], [look]]","[[perfect, 0.6369, 5], [charge phone cheap price, 0.4215, 5], [samsung galaxy phone otter box defender case use charger hump hold larger open otter box preclude plug phone reflection use usb port charger resolve issue mention revise rating star charger work, 0.0, 5], [nice, 0.5719, 5], [look, 0.659, 2], [, 0.3818, 5]]"
B00IU8LJY0,[-0.4039],[2],"[[make, phone, fall, part, separate, piece, picture, stay]]","[[make phone fall part separate piece picture stay, -0.4039, 2]]"
B00IUFUNO0,"[0.9487, 0.1027]","[5, 3]","[[delay, relay, like], [come, super, fast, look, brandnew, viewer, come, ziploc, baggie, brandnew, awesome, br, br, ship, hope, ship, time, fast, thank]]","[[delay relay like, 0.9487, 5], [come super fast look brandnew viewer come ziploc baggie brandnew awesome br br ship hope ship time fast thank, 0.1027, 3]]"
B00IWW9AB8,"[0.1796, 0.7227]","[5, 5]","[[work, great, forget, get, cell, service, home, use, walk, street, get, signal, put, antenna, havent, think], [receive, item, yesterday, instal, cord, run, floor, upstairs, tack, door, frame, downstairs, minute, installation, husband, say, worth, penny, send, text, message, leave, area, order, send, text, message, walk, house, find, signal, message, send, forget, make, receiving, phone, call, landline, get, answer, phone, run, find, better, signal, give, caller, house, phone, number, product, instal, hour, feel, day, thing, past, glte, take, advice, review, download, app, phone, show, closest, tower, locate, point, receive, antenna, direction]]","[[work great forget get cell service home use walk street get signal put antenna havent think, 0.1796, 5], [receive item yesterday instal cord run floor upstairs tack door frame downstairs minute installation husband say worth penny send text message leave area order send text message walk house find signal message send forget make receiving phone call landline get answer phone run find better signal give caller house phone number product instal hour feel day thing past glte take advice review download app phone show closest tower locate point receive antenna direction, 0.7227, 5]]"
B00IYBJWBK,[0.5787],[1],"[[case, broke, time, drop, phone, paint, wear, bit]]","[[case broke time drop phone paint wear bit, 0.5787, 1]]"
B00IZN2Q3I,[0.9464],[5],"[[case, bulky, case, design, perfect, protects, phone, case, come, screen, protector, buy, protector, dollar, combination, protect, phone, drop, purchase, case, upgrade, phone]]","[[case bulky case design perfect protects phone case come screen protector buy protector dollar combination protect phone drop purchase case upgrade phone, 0.9464, 5]]"
B00JH88GB6,"[0.9161, 0.8979, 0.796, -0.4215, 0.0, 0.6015, 0.0, 0.4927, 0.4404, 0.9336, 0.5764, 0.6249, 0.4404]","[4, 5, 5, 5, 2, 1, 5, 2, 5, 5, 1, 5, 5]","[[genuine, spigen, case], [case, slim, feel, provides, fair, amount, protection], [scratch, face], [fit, come, love, speck, case, take, issue, isnt, bump, cushion, protect, screen, get, land, face, case], [didnt, protect, phone, cracking, need, wrap, front, better, want, phone, protect, fall, buy, case], [case, iphone, issue, doesnt, kick, stand, bought, shouldve, optd, stand, itbr, br, sturdy, fit, allow, access, button, star], [spigen, quality, wouldve, love, see, kickstand, implement, iphone, case, plus, great, product], [case, wasnt, expect, gray, portion, chrome], [sturdy, case], [slim], [doesnt, work, period, dont, waste, money, product, iphone, fell, foot, screen, broke, shatter, product, claim, lip, protect, incident, know, people, buy, otter, box, decide, something, look, claim, buy, product, recommend, anyone], [case], [hell, doesnt, scratch, see, use]]","[[genuine spigen case, 0.9161, 4], [case slim feel provides fair amount protection, 0.8979, 5], [scratch face, 0.796, 5], [fit come love speck case take issue isnt bump cushion protect screen get land face case, -0.4215, 5], [didnt protect phone cracking need wrap front better want phone protect fall buy case, 0.0, 2], [case iphone issue doesnt kick stand bought shouldve optd stand itbr br sturdy fit allow access button star, 0.6015, 1], [spigen quality wouldve love see kickstand implement iphone case plus great product, 0.0, 5], [case wasnt expect gray portion chrome, 0.4927, 2], [sturdy case, 0.4404, 5], [slim, 0.9336, 5], [doesnt work period dont waste money product iphone fell foot screen broke shatter product claim lip protect incident know people buy otter box decide something look claim buy product recommend anyone, 0.5764, 1], [case, 0.6249, 5], [hell doesnt scratch see use, 0.4404, 5]]"
B00JNP9INI,[-0.2144],[1],"[[design, cheap, plasticbr, protection]]","[[design cheap plasticbr protection, -0.2144, 1]]"
B00JY29Z42,[0.8074],[4],"[[protection, wish, glass, cut, well, bit, screen]]","[[protection wish glass cut well bit screen, 0.8074, 4]]"
B00KMHCNCY,[-0.0249],[2],"[[buy, daughter, unimpressed, want, feel, wrap, picture, bubble, itbr, guess, money, pay, expect]]","[[buy daughter unimpressed want feel wrap picture bubble itbr guess money pay expect, -0.0249, 2]]"
B00KNQ60TQ,[-0.2755],[2],"[[didnt, fit, lg, g, phone, fall]]","[[didnt fit lg g phone fall, -0.2755, 2]]"
B00KO7E9FQ,"[-0.1938, 0.644, 0.7774, 0.647, 0.2083, -0.2755, -0.8178, 0.2732, 0.4767]","[3, 1, 5, 5, 2, 1, 1, 5, 5]","[[product, month, charge, wake, morning, sound, phone, make, sound, charge, wouldnt, charge, stop, say, lifetime, warranty, product, im, expect, replace, product, start, im, disappoint, month, guess, thats, reason, lifetime, warranty, huh, condition, thickness, cable, great, product], [break, month, owning, great, product, recommend, buy], [cord, fit, case, iphone, state], [like, realize, metal, slip, prevent, cord, charging, think, plug, night, battery, morning], [quality, cable, feel, fit, snug], [saw, someone, home, think, quality, order, day, little, thicker, sturdier, end, piece, look, time, workmanship, charge, brand, name, cost], [ft, charge, use, bed, head, get, disconnect, wire, company, send, replacement, inform, problem, buy, product, matter, fact, give, star, rating, stand, product, great, customer, service, know, anything, go, replace, thing, happens, isolate, case, follow, month, break, ensure, pull, charger, dont, pull, wire, hold, pin, head, area, wire, unplug], [look, fit, case], [work]]","[[product month charge wake morning sound phone make sound charge wouldnt charge stop say lifetime warranty product im expect replace product start im disappoint month guess thats reason lifetime warranty huh condition thickness cable great product, -0.1938, 3], [break month owning great product recommend buy, 0.644, 1], [cord fit case iphone state, 0.7774, 5], [like realize metal slip prevent cord charging think plug night battery morning, 0.647, 5], [quality cable feel fit snug, 0.2083, 2], [saw someone home think quality order day little thicker sturdier end piece look time workmanship charge brand name cost, -0.2755, 1], [ft charge use bed head get disconnect wire company send replacement inform problem buy product matter fact give star rating stand product great customer service know anything go replace thing happens isolate case follow month break ensure pull charger dont pull wire hold pin head area wire unplug, -0.8178, 1], [look fit case, 0.2732, 5], [work, 0.4767, 5]]"
B00KVA37Z4,"[0.7964, 0.6369, 0.0]","[5, 5, 5]","[[hold, everything, require, way, add, belt, chip], [advertise, come, fast], [wallet]]","[[hold everything require way add belt chip, 0.7964, 5], [advertise come fast, 0.6369, 5], [wallet, 0.0, 5]]"
B00LH72KSA,[0.6369],[5],"[[product, time, purchase, product]]","[[product time purchase product, 0.6369, 5]]"
B00LHOXCIK,[-0.7902],[1],"[[case, good, quality, inner, plastic, case, secures, phone, brittle, quality, place, phone, keep, piece, break, week, appear, fine, package, open, leave, bag, month, case, order, look, shatter, place, sure, quality, case, thing, use, carry, pocket, abuse, way, guess, case, buy, cheapest, item, product, find]]","[[case good quality inner plastic case secures phone brittle quality place phone keep piece break week appear fine package open leave bag month case order look shatter place sure quality case thing use carry pocket abuse way guess case buy cheapest item product find, -0.7902, 1]]"
B00LM0U8MW,[-0.2755],[1],"[[hissing, noise, wouldnt, recommend]]","[[hissing noise wouldnt recommend, -0.2755, 1]]"
B00LO6N6TQ,"[-0.34, 0.4404]","[5, 5]","[[tbh, buy, sister, far, need, facetime, youngin, job, couldnt, buy, broke, assume, hadnt, talk, week, guess, talk, time, ask, say, charge, ipod, anything, occurs, date, sure, include, info, repurchase], []]","[[tbh buy sister far need facetime youngin job couldnt buy broke assume hadnt talk week guess talk time ask say charge ipod anything occurs date sure include info repurchase, -0.34, 5], [, 0.4404, 5]]"
B00LPTVPH2,[0.6249],[5],[[price]],"[[price, 0.6249, 5]]"
B00LRK8JDC,"[0.9679, -0.34, 0.9442, 0.4215, 0.2023, 0.8535, 0.2764, 0.8885, -0.4767, 0.4588, 0.4404, 0.7271, 0.0, 0.6249, 0.6486, 0.7526, 0.6249, 0.6249, 0.6249]","[5, 5, 5, 5, 5, 5, 5, 5, 4, 5, 5, 5, 5, 5, 2, 5, 5, 5, 5]","[[work, great], [work, advertise, lazy, go, detail, point, advertise, charging, iphone, multiple, time, doesnt, battery, self, charge, bought, iphone, ipad, im, use, take, note, campus, battery, get, multiple, time, multiple, device, charging, cable, port, gain, respect, amazon, basic, brand, purchase, make, product, hold, quality], [thing, hulk, power, bank, cheap, use, nothing, use, charge, phonekindleusb, fan, chill, human, thing], [keep, phone, kindles, battery, time, charge, kindle, take, phone, take, v], [thing, watch, friend, hug, wall], [work, great, hold, multiple, charge, thing, wire, wish, way, spool, need, wire, device], [thing, month, itll, charge, time, run, charge, port, time, problem, thing, know, need, charger, amp, capacity, charge, wall, brick, iphone, wont, cut], [charger, ive, use, charge, iphone, time, recharge, havent, plug, phone, wall, got, charger, plug, desk, work, combine, amazon, apple, certify, light, charge, phone, use, supercharge, kindle, love, charger, take, road, trip, disney, miss, moment, battery], [work, great], [work, great, charge, itll, charge, phone, charge, battery, battery, take, bit, quicker, expect, device, quality, nice, feel, use, concertsfestivals, go, camp, outlet, recommend, anybody, need, battery, great, price], [phone, battery, die], [take, vacation, work, fine, problem, carry, plane], [charge, iphone, time, charge, battery, travel, lot, work, use, phone, business, device, save, charge, phone, airport, bar], [work, great, hold, amount, charge, thin, rubberize, feel, indicator, bar, nice, nice, touch, add, velvet, pouch], [simple, everything, ask], [black, come, velvet, bag, usbminiusb, connector, charge, io, device, use, multiple, time, say, came, black, velvet, material, bag, ben, better], [realize, use, product, leave, home, take, picture, day, drain, battery, lumia, icon, power, bank, happy, purchase, think, make, gift, holiday, season, family], [option, come, vacation], [take, day, backpacking, trip, use, cell, phone, camera, function, took, battery, option, include, solar, get, seveal, iphone, charge, device, power, remaing, work, fast, recharge]]","[[work great, 0.9679, 5], [work advertise lazy go detail point advertise charging iphone multiple time doesnt battery self charge bought iphone ipad im use take note campus battery get multiple time multiple device charging cable port gain respect amazon basic brand purchase make product hold quality, -0.34, 5], [thing hulk power bank cheap use nothing use charge phonekindleusb fan chill human thing, 0.9442, 5], [keep phone kindles battery time charge kindle take phone take v, 0.4215, 5], [thing watch friend hug wall, 0.2023, 5], [work great hold multiple charge thing wire wish way spool need wire device, 0.8535, 5], [thing month itll charge time run charge port time problem thing know need charger amp capacity charge wall brick iphone wont cut, 0.2764, 5], [charger ive use charge iphone time recharge havent plug phone wall got charger plug desk work combine amazon apple certify light charge phone use supercharge kindle love charger take road trip disney miss moment battery, 0.8885, 5], [work great, -0.4767, 4], [work great charge itll charge phone charge battery battery take bit quicker expect device quality nice feel use concertsfestivals go camp outlet recommend anybody need battery great price, 0.4588, 5], [phone battery die, 0.4404, 5], [take vacation work fine problem carry plane, 0.7271, 5], [charge iphone time charge battery travel lot work use phone business device save charge phone airport bar, 0.0, 5], [work great hold amount charge thin rubberize feel indicator bar nice nice touch add velvet pouch, 0.6249, 5], [simple everything ask, 0.6486, 2], [black come velvet bag usbminiusb connector charge io device use multiple time say came black velvet material bag ben better, 0.7526, 5], [realize use product leave home take picture day drain battery lumia icon power bank happy purchase think make gift holiday season family, 0.6249, 5], [option come vacation, 0.6249, 5], [take day backpacking trip use cell phone camera function took battery option include solar get seveal iphone charge device power remaing work fast recharge, 0.6249, 5]]"
B00LVFTD1A,"[0.9241, 0.9153]","[4, 5]","[[surprise, look, pity, break, crack, put, damaging, product, love, product], [temper, glass, screen, protector, feel, smooth, go, nice, clear, learn, installs, need, find, place, lot, dust, air, dont, take, extra, time, get, glass, screen, longer, wait, chance, screen, leave, dot, installationbr, product, look, phone, glass, surface, feel, smooth, recommend, product]]","[[surprise look pity break crack put damaging product love product, 0.9241, 4], [temper glass screen protector feel smooth go nice clear learn installs need find place lot dust air dont take extra time get glass screen longer wait chance screen leave dot installationbr product look phone glass surface feel smooth recommend product, 0.9153, 5]]"
B00M8B39CU,[0.8885],[5],"[[amaze, get, deal, iv, issue, come, handy, time, flashlight, bright, use, star]]","[[amaze get deal iv issue come handy time flashlight bright use star, 0.8885, 5]]"
B00M9FF400,[0.6249],[5],"[[look, buy]]","[[look buy, 0.6249, 5]]"
B00MFHR25C,[0.8815],[4],"[[screen, protector, look, feel, nothing, get, application, got, bubble, try, thing, doesnt, go, side, understand, curve, glass, think, go, cover, screen, minor, thing, im, satisfy]]","[[screen protector look feel nothing get application got bubble try thing doesnt go side understand curve glass think go cover screen minor thing im satisfy, 0.8815, 4]]"
B00MGDLD8M,[0.0],[2],"[[way, bulky]]","[[way bulky, 0.0, 2]]"
B00MNTBP7I,[0.0],[1],"[[month, use, belt, clip, tore, case, walmart, last, own, phone]]","[[month use belt clip tore case walmart last own phone, 0.0, 1]]"
B00MTESS18,"[0.5719, 0.3612, 0.8779, 0.9252]","[5, 5, 5, 5]","[[wife, love, ipads, us, ipads], [exceed, expectation, recommend, others], [look, use, kindle, hold, sturdiness, tip, thick, grip, hold, tip, landyards, set, price, delivery, fast], [grip, seem, time, ship]]","[[wife love ipads us ipads, 0.5719, 5], [exceed expectation recommend others, 0.3612, 5], [look use kindle hold sturdiness tip thick grip hold tip landyards set price delivery fast, 0.8779, 5], [grip seem time ship, 0.9252, 5]]"
B00N0QI67K,"[0.0232, 0.8655]","[4, 5]","[[case, ok, didnt, rubber], [love, otter, box, case, think, year, look, brand, recommend]]","[[case ok didnt rubber, 0.0232, 4], [love otter box case think year look brand recommend, 0.8655, 5]]"
B00N2BMMMI,[-0.8074],[1],"[[add, grip, zero, screen, protection, broken, screen, foot, drop]]","[[add grip zero screen protection broken screen foot drop, -0.8074, 1]]"
B00N5AKTFS,[0.6249],[5],"[[phone, replace]]","[[phone replace, 0.6249, 5]]"
B00N8L9IY2,[0.0],[1],"[[piece, plastic, badbr]]","[[piece plastic badbr, 0.0, 1]]"
B00NF4SHYE,"[0.9237, 0.6249, 0.9446, 0.2235]","[4, 5, 5, 1]","[[come, day, everything, say, fit, fit, pocket, problem, get, case], [otterbox, phone, got, see, store, fr, buy, online], [expect, protection, face, phone, coverage, side], [fit, otterbox]]","[[come day everything say fit fit pocket problem get case, 0.9237, 4], [otterbox phone got see store fr buy online, 0.6249, 5], [expect protection face phone coverage side, 0.9446, 5], [fit otterbox, 0.2235, 1]]"
B00NGHSVQE,[0.5719],[5],"[[perfect, addition, daughter, laptop]]","[[perfect addition daughter laptop, 0.5719, 5]]"
B00NNIC5S6,[0.6514],[5],"[[offer, protection, expect, look, style, book, compliment, receive, ask, acquire, novel, case]]","[[offer protection expect look style book compliment receive ask acquire novel case, 0.6514, 5]]"
B00NNX6TLU,[0.6801],[5],"[[fit, turn, phone, keep, case]]","[[fit turn phone keep case, 0.6801, 5]]"
B00NO2WXM4,[0.6369],[5],[[moto]],"[[moto, 0.6369, 5]]"
B00NOLCVV8,"[0.8922, 0.8442]","[5, 5]","[[apply, follow, direction, problem, make, screen, make, lint, dust, leave], [order, pack, screen, protector, cover, thing, werent, theyre, difficult, put, look, awful, attach, order, glazz, difference, put, look, phone, great, buy, investment]]","[[apply follow direction problem make screen make lint dust leave, 0.8922, 5], [order pack screen protector cover thing werent theyre difficult put look awful attach order glazz difference put look phone great buy investment, 0.8442, 5]]"
B00NOP3SRA,[0.2263],[4],"[[pre, instal, backup, camera, mirrior, prepare, decide, return]]","[[pre instal backup camera mirrior prepare decide return, 0.2263, 4]]"
B00NR3ZR5U,[0.9313],[5],"[[usb, match, phone, case, glad, order, work, galaxy, sport, thank, buy]]","[[usb match phone case glad order work galaxy sport thank buy, 0.9313, 5]]"
B00NT88G7O,"[-0.4215, 0.6124]","[1, 5]","[[seems, build, work], [buy, use, week, piece, broke, ipad]]","[[seems build work, -0.4215, 1], [buy use week piece broke ipad, 0.6124, 5]]"
B00NVPM7IO,"[0.8316, 0.6597]","[4, 5]","[[slighter, denser, version, tpu, case, great, option, want, slim, case, matte, finish, protection, wear], [nice, color, black, husband, like, feel, hand]]","[[slighter denser version tpu case great option want slim case matte finish protection wear, 0.8316, 4], [nice color black husband like feel hand, 0.6597, 5]]"
B00O1R28OY,"[0.624, 0.0]","[5, 1]","[[charge], [charge, multiple, phone, sure, beat, dinky, thing, give, ]]","[[charge, 0.624, 5], [charge multiple phone sure beat dinky thing give , 0.0, 1]]"
B00O1T00A6,"[0.5857, 0.7964]","[4, 5]","[[hit, volume, button, lock, button, good, material, hold, charge, iphone, go, day, nice, case, price], [case, battery, price]]","[[hit volume button lock button good material hold charge iphone go day nice case price, 0.5857, 4], [case battery price, 0.7964, 5]]"
B00O3DEW3Q,"[0.9413, 0.5719, -0.2732, 0.7579]","[5, 5, 1, 5]","[[cellphone, cubasuper, super, super, nice, feature, design], [memory], [excellent, product, satisfy, purchase], [excellent, product]]","[[cellphone cubasuper super super nice feature design, 0.9413, 5], [memory, 0.5719, 5], [excellent product satisfy purchase, -0.2732, 1], [excellent product, 0.7579, 5]]"
B00O7T2RJW,[0.923],[5],"[[seems, bite, make, love]]","[[seems bite make love, 0.923, 5]]"
B00OAMCV9M,[0.4404],[4],"[[appropriate, task, assign, pricebr, issue, delivery, packaging]]","[[appropriate task assign pricebr issue delivery packaging, 0.4404, 4]]"
B00ODRUZLU,"[0.1154, 0.4215]","[3, 3]","[[nice, case], [okay, encase, come, apart]]","[[nice case, 0.1154, 3], [okay encase come apart, 0.4215, 3]]"
B00ODVMISY,"[0.2846, 0.8016, 0.6115, 0.8221, 0.9432, 0.9348, -0.3634]","[3, 4, 5, 5, 5, 1, 3]","[[get, replacement, mr, shieldafter, instal, shield, cell, phone, shouldve, done, beginning, shield, fit, face, phone, work, advertise, im, satisfy, shield, commend, company, quick, response, need], [happy, product], [expect, put, bubblesbr, happy, purchasebr, thanks], [nice, kit, work], [put, time, speck, decide, use, tape, tab, lift, get, spec, end, add, spec, try, get, air, bubble, protector, get, scratch, point, layer, peel, try, try, spec, disappoint, seems], [ok, applying, wife, phone, corner, adhere], [apply, screen, protector, rank, get, wisdom, teeth, pull, ten, year, get, perfect, result, time, get, perfect, result, mr, shield, us, approach, make, sure, watch, video, application, work, fact, look, phone, tell, protector, itbr, br, dont, fall, ebay, special, use, mr, shield, get]]","[[get replacement mr shieldafter instal shield cell phone shouldve done beginning shield fit face phone work advertise im satisfy shield commend company quick response need, 0.2846, 3], [happy product, 0.8016, 4], [expect put bubblesbr happy purchasebr thanks, 0.6115, 5], [nice kit work, 0.8221, 5], [put time speck decide use tape tab lift get spec end add spec try get air bubble protector get scratch point layer peel try try spec disappoint seems, 0.9432, 5], [ok applying wife phone corner adhere, 0.9348, 1], [apply screen protector rank get wisdom teeth pull ten year get perfect result time get perfect result mr shield us approach make sure watch video application work fact look phone tell protector itbr br dont fall ebay special use mr shield get, -0.3634, 3]]"
B00OKIN1F4,[0.2878],[5],"[[case, cute, drop, ground, bounce, bit]]","[[case cute drop ground bounce bit, 0.2878, 5]]"
B00OUT0QEC,[0.9079],[5],"[[perfection, save, phone, time, ask, well, product, keep, work, look, product]]","[[perfection save phone time ask well product keep work look product, 0.9079, 5]]"
B00OZM5YIM,[0.9894],[5],"[[sticker, bomb, buy, champagne, color, black, phone, look, amaze, worry, glitter, shed, excite, screen, protector, phone, face, sticker, go, everyone, asks, get, do, phone, im, share, bc, look, awesome, purchase, gift, friend, come, quicker, estimate, delivery, time, repeat, fit, clear, case, review, say, try, case, bumper, silicone, case, fit, compromising, sticker, dont, attempt, lol]]","[[sticker bomb buy champagne color black phone look amaze worry glitter shed excite screen protector phone face sticker go everyone asks get do phone im share bc look awesome purchase gift friend come quicker estimate delivery time repeat fit clear case review say try case bumper silicone case fit compromising sticker dont attempt lol, 0.9894, 5]]"
B00PAHEQQW,[0.6901],[5],"[[happy, resolve, issue]]","[[happy resolve issue, 0.6901, 5]]"
B00PAJ20GS,[0.9261],[3],"[[get, case, damaging, use, spare, battery, kinda, love, get, lot, great, comment]]","[[get case damaging use spare battery kinda love get lot great comment, 0.9261, 3]]"
B00PBD2T28,[0.0],[3],"[[order, company, work]]","[[order company work, 0.0, 3]]"
B00PFPEOIO,[0.0],[1],[[return]],"[[return, 0.0, 1]]"
B00PGEX7KU,[0.4404],[4],"[[product, price]]","[[product price, 0.4404, 4]]"
B00PGK9VSG,[0.0],[4],[[expect]],"[[expect, 0.0, 4]]"
B00PLN10LO,[0.0],[1],"[[come, scratch, diamond, come, make]]","[[come scratch diamond come make, 0.0, 1]]"
B00PMPFILO,[0.5719],[5],"[[excellent, item, price]]","[[excellent item price, 0.5719, 5]]"
B00PQ7OV70,[0.7964],[5],"[[gift, people, love]]","[[gift people love, 0.7964, 5]]"
B00PTDCFMO,[0.743],[5],"[[excellent, cover, protect, investment]]","[[excellent cover protect investment, 0.743, 5]]"
B00Q9EPOAW,[0.4304],[4],"[[get, today, press, power, button, outer, shell, get, dirty]]","[[get today press power button outer shell get dirty, 0.4304, 4]]"
B00QDN5POY,"[0.0, 0.6369, 0.8957]","[2, 5, 5]","[[paint, come, day, use, ], [fit, look, love, gel, touch]]","[[paint come day use , 0.0, 2], [fit look love gel touch, 0.6369, 5], [, 0.8957, 5]]"
B00QH44MUC,[0.836],[5],[[perfect]],"[[perfect, 0.836, 5]]"
B00QNQNIZE,[0.6369],[5],[[case]],"[[case, 0.6369, 5]]"
B00QQ7Y8R2,[0.4019],[5],"[[nifty, case, think, get, color]]","[[nifty case think get color, 0.4019, 5]]"
B00QV2K880,[-0.3612],[5],"[[honker, phone, holder, hold, lean, fall, topple, im, charge, phone, slit, bottom, buy, sure]]","[[honker phone holder hold lean fall topple im charge phone slit bottom buy sure, -0.3612, 5]]"
B00QVDFWUS,"[0.8481, 0.8316, -0.4404]","[5, 5, 1]","[[fa, delivery, excellent, quallitty], [galaxy, gear, neo, charger, purchase, work], [product, great, price, ship]]","[[fa delivery excellent quallitty, 0.8481, 5], [galaxy gear neo charger purchase work, 0.8316, 5], [product great price ship, -0.4404, 1]]"
B00QVP3OP6,[0.796],[5],"[[clever, idea, quality, amaze, price]]","[[clever idea quality amaze price, 0.796, 5]]"
B00QWLJHHI,[-0.5583],[1],"[[didnt, good, stop, work]]","[[didnt good stop work, -0.5583, 1]]"
B00R5GZJR6,"[-0.5972, 0.9641, 0.6369, 0.4173, 0.0, 0.0, 0.7906, 0.7841, 0.2484]","[5, 5, 5, 5, 5, 1, 3, 5, 5]","[[size, dont, need, cord], [nice, get, pack, cable, cable, isbr, br, perfect, charge, device, excess, cord, placebr, cable, seem, insert, device, port, cable, tablet, kindles, port, start, get, mangle, use, slide, surprise, expect, cute, cablesbr, seem, work, fine, speed, charger, dud, farbr, didnt, need, variety, color, admit, kind, fun, look, br, br, complaint, price], [look], [product, recommend], [way, use], [color, price, amount, cord, place, spot, house, travel, downside, im, see, cord, bite, wishing, bit, longer, length, decrease, versatility], [shorter, length, convenient], [buy, car, charge, port, armrest, console, didnt, want, mess, deal, problem, product, nice, color, option, keep, couple, backpack, others, use, work, worth, money, need, charging], [make, quality, unique, color]]","[[size dont need cord, -0.5972, 5], [nice get pack cable cable isbr br perfect charge device excess cord placebr cable seem insert device port cable tablet kindles port start get mangle use slide surprise expect cute cablesbr seem work fine speed charger dud farbr didnt need variety color admit kind fun look br br complaint price, 0.9641, 5], [look, 0.6369, 5], [product recommend, 0.4173, 5], [way use, 0.0, 5], [color price amount cord place spot house travel downside im see cord bite wishing bit longer length decrease versatility, 0.0, 1], [shorter length convenient, 0.7906, 3], [buy car charge port armrest console didnt want mess deal problem product nice color option keep couple backpack others use work worth money need charging, 0.7841, 5], [make quality unique color, 0.2484, 5]]"
B00RA19K58,[0.6249],[3],"[[work, ok, depends, attach, work, well]]","[[work ok depends attach work well, 0.6249, 3]]"
B00RRESK86,[0.6369],[5],"[[friendand, love, itthanks]]","[[friendand love itthanks, 0.6369, 5]]"
B00RTTGZIQ,[0.8906],[5],"[[phone, case, ive, come, biut, lightweight, handle, im, please, phone, case, im, think, ordering, different, color]]","[[phone case ive come biut lightweight handle im please phone case im think ordering different color, 0.8906, 5]]"
B00S1NSXJI,"[0.4939, 0.8519]","[1, 5]","[[junk, beltronics, pro, fall, offs, save, go, mirror, mount], [better]]","[[junk beltronics pro fall offs save go mirror mount, 0.4939, 1], [better, 0.8519, 5]]"
B00S4HZ4Z2,[0.4754],[5],"[[got, quick, mail]]","[[got quick mail, 0.4754, 5]]"
B00S4IYFCE,[-0.7579],[1],"[[worthless, read, display, day, night, battery, die, day, put]]","[[worthless read display day night battery die day put, -0.7579, 1]]"
B00S6YSSYW,[0.8799],[5],"[[buy, mount, road, trip, see, navigator, seems, nice, product, universal, please]]","[[buy mount road trip see navigator seems nice product universal please, 0.8799, 5]]"
B00SIYYGT6,[0.6249],[5],"[[case, price]]","[[case price, 0.6249, 5]]"
B00SKJH9UC,[0.6369],[5],"[[unit, everything, ask]]","[[unit everything ask, 0.6369, 5]]"
B00SKO5KNU,[0.7351],[5],"[[look, fit]]","[[look fit, 0.7351, 5]]"
B00SVMR5O8,[0.9258],[5],"[[excellent, product, good, quality, hop, see, last, time, happy, purchase]]","[[excellent product good quality hop see last time happy purchase, 0.9258, 5]]"
B00SZEFGAW,"[0.7715, 0.5719, 0.9589, -0.244]","[4, 5, 4, 4]","[[research, phone, expect, nicest, thing, price, wantedbr, br, main, consbr, caller, phone, callsbr, touch, screen, phone, register, im, try, touchbr, br, prosbr, upgrade, lollipopbr, price], [phone, consider, price, battery, life, limit, performance, excellent, upgrade, lollipop, sent, phone, real, issue], [get, phone, havent, use, im, update, week, take, box, turn, battery, become, warm, minute, phone, battery, charge, screen, protector, come, fit, case, wont, provide, protection, fine, better, nothing, screen, got, color, blue, love, sign, ting, carrier, phone, plan, work, tmobiles, network, go, use, ting, use, referral, link, get, credit, go, towards, bill, get], [excellent]]","[[research phone expect nicest thing price wantedbr br main consbr caller phone callsbr touch screen phone register im try touchbr br prosbr upgrade lollipopbr price, 0.7715, 4], [phone consider price battery life limit performance excellent upgrade lollipop sent phone real issue, 0.5719, 5], [get phone havent use im update week take box turn battery become warm minute phone battery charge screen protector come fit case wont provide protection fine better nothing screen got color blue love sign ting carrier phone plan work tmobiles network go use ting use referral link get credit go towards bill get, 0.9589, 4], [excellent, -0.244, 4]]"
B00SZQ6LUE,[-0.3182],[3],"[[loses, gps]]","[[loses gps, -0.3182, 3]]"
B00TCURUSE,"[-0.34, 0.5423]","[1, 2]","[[earphone, work, mths, die, matter, charge, dot, earphone, go, outta, power, minute, use, sound, side, earphone, gone, disappoint, hope, earphone], [worst, purchase, make, thing, skip, time, im, standing, phone, hip, try, experiment, combination, different, size, bud, piece, fit, provide, luck, waste, money, fall, time, slightest, amount, sweat, junk]]","[[earphone work mths die matter charge dot earphone go outta power minute use sound side earphone gone disappoint hope earphone, -0.34, 1], [worst purchase make thing skip time im standing phone hip try experiment combination different size bud piece fit provide luck waste money fall time slightest amount sweat junk, 0.5423, 2]]"
B00TDKUORC,[-0.918],[1],"[[product, fell, apart, us, folk, submerge, phone, case, phone, fine, build, quality, latch, system, fell, apart, ruin, phone, search, simple, case, keep, phone, dry, get, catch, rain, hikingbiking]]","[[product fell apart us folk submerge phone case phone fine build quality latch system fell apart ruin phone search simple case keep phone dry get catch rain hikingbiking, -0.918, 1]]"
B00TE936IG,[0.3182],[5],"[[charge, phone, couple, friend, phone, charge, night, charge]]","[[charge phone couple friend phone charge night charge, 0.3182, 5]]"
B00TGJVVF4,[0.0],[2],"[[seem, make, clip, keep, brake]]","[[seem make clip keep brake, 0.0, 2]]"
B00THGSN2A,[0.4404],[5],"[[advertise, receive, business]]","[[advertise receive business, 0.4404, 5]]"
B00TIC83T6,[0.0],[2],"[[work, charge, iphone, pull, time, wind, negate, purpose, charger]]","[[work charge iphone pull time wind negate purpose charger, 0.0, 2]]"
B00TL4GKL4,[0.5499],[4],"[[nice, help, protect]]","[[nice help protect, 0.5499, 4]]"
B00TLF2XDM,[-0.2732],[1],"[[looking, phone, take, box, speak, phone, dead, arrival, try, get, replacement, phone, end, return, refund, take, inspect, inside, look, quality, construction]]","[[looking phone take box speak phone dead arrival try get replacement phone end return refund take inspect inside look quality construction, -0.2732, 1]]"
B00TQYC9PA,"[0.8934, -0.4854, 0.6369, 0.9459, 0.0]","[4, 4, 5, 5, 3]","[[dont, writing, review, wow, gps, change, route, avoid, love], [wear, surface], [work, fine, wife, accent, cause, problem, voice, command], [upgrade, garmin, buy, refurb, lmt, look, unit, frill, box, screen, size, familiar, feature, portraitlandscape, screen, set, note, bit, slower, sync, satellite, older, nuvi, figure, select, eta, time, display, show, time, traffic, delay, info, take, screen, space, user, adjust, function, good, speaker, voice, quality, use, hand, bluetooth, cell, phone, feature, recommend, base, feature, price, range], [perform]]","[[dont writing review wow gps change route avoid love, 0.8934, 4], [wear surface, -0.4854, 4], [work fine wife accent cause problem voice command, 0.6369, 5], [upgrade garmin buy refurb lmt look unit frill box screen size familiar feature portraitlandscape screen set note bit slower sync satellite older nuvi figure select eta time display show time traffic delay info take screen space user adjust function good speaker voice quality use hand bluetooth cell phone feature recommend base feature price range, 0.9459, 5], [perform, 0.0, 3]]"
B00TXNCLR0,[0.8481],[1],"[[seems, unlock, mm, message, picture, group, chat, drop, internet, data, function, take, store, service, provider, everything, remedy, problem, issue, arise, phone, service, provider, phone, last, shame, phone, recommend, phone, wasnt, unlock]]","[[seems unlock mm message picture group chat drop internet data function take store service provider everything remedy problem issue arise phone service provider phone last shame phone recommend phone wasnt unlock, 0.8481, 1]]"
B00U32KABE,"[0.5994, 0.7717, 0.8316, 0.9571, 0.8832, 0.9001, 0.8571]","[5, 5, 5, 5, 5, 5, 5]","[[case, gold, tone, bottom, look, nice, phone, make, protection, bought, case, phone], [case, fit, phone, button, work, design, simple, feminine, havent, drop, phone, case, seem, protect, camera, doesnt, stick, case, protect, buy], [person, picture, protect, phone, fine], [phone, case, provide, excellent, protection], [fit, galaxy, look, person, online, satisfy], [design, fast, shipping], [cover, super, cute, come, day]]","[[case gold tone bottom look nice phone make protection bought case phone, 0.5994, 5], [case fit phone button work design simple feminine havent drop phone case seem protect camera doesnt stick case protect buy, 0.7717, 5], [person picture protect phone fine, 0.8316, 5], [phone case provide excellent protection, 0.9571, 5], [fit galaxy look person online satisfy, 0.8832, 5], [design fast shipping, 0.9001, 5], [cover super cute come day, 0.8571, 5]]"
B00U8PI5XG,[0.1027],[1],"[[waste, dont, work, car, plug, outlet, overheat, point, melt, part, phone, case, realize, heat, come, burn, hand]]","[[waste dont work car plug outlet overheat point melt part phone case realize heat come burn hand, 0.1027, 1]]"
B00UF6D9VQ,[0.7579],[4],"[[aunt, love, like, alot]]","[[aunt love like alot, 0.7579, 4]]"
B00UI463LI,[0.9532],[5],"[[speaker, name, say, dont, fool, size, pack, lot, punch, tell, quality, good, solid, expect, sony, delivers, quality]]","[[speaker name say dont fool size pack lot punch tell quality good solid expect sony delivers quality, 0.9532, 5]]"
B00URBMZFU,[0.7128],[5],"[[price, size, deal, get, work, box, return, month, scene, purchase, kid, stop, seal, mine, purse, charge, samsung, charge]]","[[price size deal get work box return month scene purchase kid stop seal mine purse charge samsung charge, 0.7128, 5]]"
B00V6NVD4W,[0.296],[3],"[[ok, need, belt, clip, part]]","[[ok need belt clip part, 0.296, 3]]"
B00V9XDJDC,"[-0.296, -0.3612]","[1, 1]","[[suck, look]]","[[suck look, -0.296, 1], [, -0.3612, 1]]"
B00VA7M6Y0,"[0.6539, 0.0]","[3, 3]","[[headphone, decent, battery, life, state, nonetheless, last, workout, recharge, indicates, battery, minute, headphone, diereal, lol, issue, disconnect, get, pay, recommend, dont, hope], [cant, phone, android, window, iphonebr, turn, couple, time, connect]]","[[headphone decent battery life state nonetheless last workout recharge indicates battery minute headphone diereal lol issue disconnect get pay recommend dont hope, 0.6539, 3], [cant phone android window iphonebr turn couple time connect, 0.0, 3]]"
B00VAPNKVA,[0.7632],[5],"[[daughter, love, thank]]","[[daughter love thank, 0.7632, 5]]"
B00VHWO63M,[0.4915],[1],"[[fit, couldnt, hear, anything, come, walkie, kind, point]]","[[fit couldnt hear anything come walkie kind point, 0.4915, 1]]"
B00VKSQCCQ,[0.5719],[5],"[[excellent, product, describe]]","[[excellent product describe, 0.5719, 5]]"
B00VSOASO0,[0.3685],[4],"[[check, water, quality, day, use]]","[[check water quality day use, 0.3685, 4]]"
B00VT8CP6Y,"[0.6385, 0.6369, 0.4588]","[5, 5, 5]","[[mm, halo], [come, easy, applicator, wing, let, align, touch, edge, awesome, look, dont, notice, screen, quality, change, sure, lint, screen, happen, notice, strand, lint, lift, edge, screen, protector, knife, use, lint, removing, sticker, includebr, br, problem, think, reach, edge, phone, cause, air, bubble, edge, galaxy, s, screen, isnt], [screen, protector, galaxy, hand]]","[[mm halo, 0.6385, 5], [come easy applicator wing let align touch edge awesome look dont notice screen quality change sure lint screen happen notice strand lint lift edge screen protector knife use lint removing sticker includebr br problem think reach edge phone cause air bubble edge galaxy s screen isnt, 0.6369, 5], [screen protector galaxy hand, 0.4588, 5]]"
B00VTIJIXM,[0.8651],[5],"[[sturdy, premium, feel, ir, blaster, color, burgundy, maroon]]","[[sturdy premium feel ir blaster color burgundy maroon, 0.8651, 5]]"
B00VYKXSQI,[0.0],[4],[[stick]],"[[stick, 0.0, 4]]"
B00WBBFRN6,[0.9324],[5],"[[fact, doesnt, use, battery, battery, la, ton, radio, station, hear, clear, sound, competition, weak, radio, signal, ive, different, transmitter, power, ok, rd, power, battery, didnt, leave, plug, quit, move, come, work, recommend]]","[[fact doesnt use battery battery la ton radio station hear clear sound competition weak radio signal ive different transmitter power ok rd power battery didnt leave plug quit move come work recommend, 0.9324, 5]]"
B00WH1WGQQ,[-0.8106],[1],"[[pone, month, disappoint, camera, quality, battery, life, charge, phone, time, day, texting, phone, close, app, reason, itll, close, internet, id, phone, dont, waste, money]]","[[pone month disappoint camera quality battery life charge phone time day texting phone close app reason itll close internet id phone dont waste money, -0.8106, 1]]"
B00WHWBCWO,[0.5719],[5],"[[person, buy, say, perfect]]","[[person buy say perfect, 0.5719, 5]]"
B00WK94U9Q,[-0.2732],[5],"[[perfect, fit, glove, smooth, drop, phone, wood, floor, time, suffer, damage, love, matte, finish, problem, plug, charger, use, dock, charger]]","[[perfect fit glove smooth drop phone wood floor time suffer damage love matte finish problem plug charger use dock charger, -0.2732, 5]]"
B00WLOPVSE,[0.0],[3],[[decent]],"[[decent, 0.0, 3]]"
B00WNAX246,[-0.1945],[5],"[[get, watch, wife, birthday, avid, exerciser, go, day, tell, love, watch, spring, feet, watch, reminds, reach, standing, goal]]","[[get watch wife birthday avid exerciser go day tell love watch spring feet watch reminds reach standing goal, -0.1945, 5]]"
B00WNFBYW8,"[0.0, 0.0, -0.4215, -0.5095, 0.0, -0.4767, 0.4404, 0.0, 0.9217, 0.4404, 0.6913, -0.7096, 0.0, 0.25, -0.3818, 0.6249, -0.4767, 0.1779, 0.3716, 0.0, 0.4767, 0.0813, 0.0, -0.4215, -0.3504, 0.6249, -0.8069, -0.4767, 0.0, 0.5719, 0.0, -0.2887, 0.4606, -0.296]","[1, 1, 1, 1, 1, 1, 5, 1, 5, 5, 1, 1, 1, 1, 1, 5, 1, 1, 2, 1, 5, 1, 4, 1, 2, 5, 1, 1, 1, 5, 1, 1, 4, 1]","[[get, pay, charger, look, us, stop, work, worth, penny, arent, gonna, job], [thing, break, week, iphone, ], [break, week], [ship, pricing, need], [cable, bad, charge, phone, waste, money], [broke, frist, day], [cable, price], [item, great, idea, concept, awhile, connector, quit, connect, wont, recognize, device], [son, impress, get, price], [dont, buy, get, mail, month, bought, none, charger, charge, phone], [perfect], [none, charger, work], [zero, star, see, review, make, impulse, purchase, happy, receive, cable, didnt, expect, apple, brand, last, week, learn, lesson, buy, something], [product, doesnt, work, certify, apple, product, transfer, data, iphone, ipad, buy], [none, work, waist, money, well, get, well, sometime, show, phone, get, charge, phone, charge], [iphone], [cable, work, broke, week], [take, week, charger, arrive, none, work, cheap, reason], [poor, quality, broke, day, refund, hassle], [poor, quality, cord, cheap, make], [product, work, week, price, appeal, put, waste, basket], [need, charging, cord, arrive, week, order, fall, apart, stop, work, hoping, little, longer, purchase, charger], [china, make], [apple, certify, job, work], [okay, didnt, awesome, charger, buy, come, cap, usb, part, charger, part, isnt, super, deal, theyre, kind, nice, keep, isnt, deal, kind, neat, coolest, thing, microusb, cord, underneath, charger, part, micro, usb, reveal, say, didnt, know, buy, buy, cord, buck, take, get, wait, buy, ], [product, expect, price], [excite, find, deal, start, use, got, us, get, pay, guess], [zero, none, cord, work, product], [charge, iphone], [avoid, cord, break, charge, iphone], [cable, work, box], [charge]]","[[get pay charger look us stop work worth penny arent gonna job, 0.0, 1], [thing break week iphone , 0.0, 1], [break week, -0.4215, 1], [ship pricing need, -0.5095, 1], [cable bad charge phone waste money, 0.0, 1], [broke frist day, -0.4767, 1], [cable price, 0.4404, 5], [item great idea concept awhile connector quit connect wont recognize device, 0.0, 1], [son impress get price, 0.9217, 5], [dont buy get mail month bought none charger charge phone, 0.4404, 5], [perfect, 0.6913, 1], [none charger work, -0.7096, 1], [zero star see review make impulse purchase happy receive cable didnt expect apple brand last week learn lesson buy something, 0.0, 1], [product doesnt work certify apple product transfer data iphone ipad buy, 0.25, 1], [none work waist money well get well sometime show phone get charge phone charge, -0.3818, 1], [iphone, 0.6249, 5], [cable work broke week, -0.4767, 1], [take week charger arrive none work cheap reason, 0.1779, 1], [poor quality broke day refund hassle, 0.3716, 2], [poor quality cord cheap make, 0.0, 1], [product work week price appeal put waste basket, 0.4767, 5], [need charging cord arrive week order fall apart stop work hoping little longer purchase charger, 0.0813, 1], [china make, 0.0, 4], [apple certify job work, -0.4215, 1], [okay didnt awesome charger buy come cap usb part charger part isnt super deal theyre kind nice keep isnt deal kind neat coolest thing microusb cord underneath charger part micro usb reveal say didnt know buy buy cord buck take get wait buy , -0.3504, 2], [product expect price, 0.6249, 5], [excite find deal start use got us get pay guess, -0.8069, 1], [zero none cord work product, -0.4767, 1], [charge iphone, 0.0, 1], [avoid cord break charge iphone, 0.5719, 5], [cable work box, 0.0, 1], [charge, -0.2887, 1], [, 0.4606, 4], [, -0.296, 1]]"
B00WRDJPI6,"[0.9001, 0.6361]","[5, 5]","[[love], [buy, case, month, brand, get, cheap, look, fit, phone, snug, amount, bling, get, ton, compliment, case, love]]","[[love, 0.9001, 5], [buy case month brand get cheap look fit phone snug amount bling get ton compliment case love, 0.6361, 5]]"
B00WRQ0EK6,[0.6597],[5],"[[thank, dealing, good]]","[[thank dealing good, 0.6597, 5]]"
B00WUDX250,"[-0.4449, 0.9931, 0.9001, 0.9233, 0.8885, 0.8807, 0.8207, -0.296, 0.9539, 0.6489, -0.5256, 0.9023, 0.4927, 0.8074, 0.9668, 0.6369, 0.5719, 0.7269, 0.7444, 0.0516, 0.7906, 0.895, 0.9225, 0.1531, 0.0, 0.8622, 0.6249, 0.9468, 0.6249, 0.6249, 0.9169, 0.2732, 0.0, 0.8098, 0.4588, 0.128, 0.8979, 0.9169, 0.1367, 0.9216, -0.8504, 0.8934, 0.8928, 0.9201, 0.6249, 0.2023, 0.6249, 0.6249, 0.9714, 0.0, 0.9884, 0.6249, 0.7778, 0.0, 0.8957, 0.09, 0.5688, 0.0516, 0.7375, 0.5719, -0.9455, 0.856, -0.6694, 0.6249, 0.9134, 0.3804, 0.8555, 0.6249, -0.3773, 0.3384, 0.8268, 0.7555, 0.792, 0.0, 0.6124, 0.6249, 0.6542, 0.7351, 0.5719, 0.7902, 0.3716, 0.85, 0.8555]","[2, 4, 5, 4, 5, 5, 5, 1, 5, 4, 2, 4, 5, 4, 5, 5, 5, 5, 5, 5, 5, 4, 5, 2, 4, 5, 5, 5, 5, 5, 5, 5, 1, 4, 4, 3, 5, 5, 3, 4, 1, 5, 5, 2, 5, 4, 5, 5, 4, 5, 4, 5, 5, 3, 4, 5, 4, 5, 4, 5, 4, 4, 4, 5, 4, 4, 5, 5, 4, 5, 5, 4, 4, 5, 5, 5, 1, 5, 5, 5, 4, 5, 5]","[[work, week, stop, pair, phone, device, seller, great, work, offer, direction, issue, customer, service], [please, product, price, work, longer, expect, charge], [sound, problem, compound, blyutuzu, stop, play, leave, earpiece, problem, solve, way, manufacturer, sent, headphone], [leave, headphone, fell, apart, le, month, use, time], [expect, stay, ear, snug, im, run, speed, sound, quality, good, purchase], [sound, quality, fit, thank, include, pair, bud, pair, hook, stay, put, run, battery, life, hour, use], [fit, get, getting, seat, sound, quality, stay, connect], [work, complaint], [work, great], [fast, connect, iphone, phone, tell, leave, headphone, feature, gripe, hour, depend, use, button, carry, pouchcase, protect, great, run, gym, wire, recommend, buy], [work, sound, quality, good, battery, life, short, time, hearing, battery, message, power], [week, do, use, work, walking], [product], [product, work, advertise, seems, hold, charge, amount, time, fit, ear, stay, put, quality, adequate, price, set, earbuds, recommend], [ok, headphone, receive, see, mpow, packagin, see, picture, post, hurt, ear, wear, bit, work, im, give, star], [bluetooth, price, use, time, enjoy, sound], [lot, fit, pair, ipad, galaxy, phone, ipod, problem, suppose, use, clip, seem, work, fine, use, walk], [work, great, value, jabra, step], [get, wife, love, say, sound, quality, great, compare, headset, own, work, cell, phone, company, bluetooth, headphone, invent, thats, lot, wireless, headphone, awesome], [headset, use, connect, phone, sound, great, wear, periods, value, money], [earphone, give, star, reason, cut, length, use, time, battery, noticebr, use, walk, phone, pocket, sound, cut, time, minute, walkbr, minute, time, receive, battery, notification, time, earphone, lose, power, listen, music, speaker, phone, remainder, walk, frustrate, people, trail, battery, life, time, hour, chargebr, br, feature, likebr, use, talk, feature, person, talk, hear, finebr, lightweightbr, whats, go, mebr, connect, device, timebr, change, ear, tip, holder, smallest, size, fit, ear, greatbr, br, using, week, issue, quit, work, report, ill, review], [awesome], [sound, quality, mean, sound, cheap, shoe, box, tape, recorder, leave, loud, buzzing, sound, drive, nut, headset, passion, give, overprice, bit, garbage, star, waste, money, bit, junk], [headphone, work], [work, great, charge, find, way, fit, ear], [purchase, youre, look, something, wont, disappoint, gym, phone, call, eard, phone, call, let, side, hang, shoulder], [use], [running, want, leave, chord, bounce, neck, make, loud, thud, sound, step, tuck, ear, rest, chord, fit, tight, head, wear, chord, top, head, ear, piece, ear, hook, fit, love, technique, ear, hook, super, fall, blue, tooth, discount, couple, time, blue, tooth, receiver, side, move, phone, arm, work, amazon, tooth, garage, speaker, take, kick, mpow, swift, phone, leave, house, connect, price, think, deal, use, twice, run], [think, true, sound, quality, connectivitybut, make, angle, extender, go, snap, easilyi, get, use, time, pull, bag, use, number, piece, snap, drain], [excellent, sound, performance, look], [review, read, review, great, product, go, record, let, everyone, know, headphone, ear, ear, star, rat, sound, qualityengineering, price], [product], [buy, take, trip, didnt, cord, headphone, deal, plane, start, use, bike, ride, activity, sound, quality, charge, time, excellent, recharge, time, excellent, issue, run, range, bigger, ear, headphone, drop, player, pas, clothe, excellent, point], [headphone, come, follow, instruction, charge, use, bluetooth, work, awesome, turn, time, charge, give, star, review, work, mpow, return, sent, pair, poor, review, work, change, week, use, seventy, eighty, dollar, head, phone, bit, ebay, sale, price, ], [sound, quality, ok, pair, order, get, audio, fee], [headphone, dont, seem, stay, ear, ive, try, bud, fall, stay, random, stuff], [mine, stop, work, week], [perfect, work], [headphone, doesnt, fit, ears, price], [pair, get, malfunction, return, receive, pair, company, work, stabilizer, need, keep, headphone, ear, style, use, style, work, run, bluetooth, range, better, phone, run, pocket, perfect, overall, bluetooth, headphone, set, lightweight, great, sound, quality], [preface, state, samsung, galaxy, phone, cant, speak, modelsbr, br, prosbr, great, sound, bass, quality, decent, job, block, noisebr, runner, use, gym, doesnt, fall, outbr, doesnt, module, side, model, get, way, make, sidebr, connection, distance, expect, foot, set, phone, end, room, room, door, walk, connection, lossbr, br, consbr, fit, feel, bud, stick, come, piece, attach, help, hold, place, ear, come, earbuds, find, say, doesnt, seem, fall, run, nice, compare, model, purchasedbr, connecting, earbuds, lightweight, control, try, make, sit, way, neck, tend, tuck, shirt, front, go, gym], [bang, buck], [fit, connects, phone, sound, price], [product, pair, life, hour, thats, considering, wireless], [awesome, arrive, charge, time, look, term, price, quality], [sounding, ear, bud, lightweight, lock, ear, buy], [headphone, great, purchase, ear, headphone, style, lot, accessory, piece, help, get, size, stay, matter, activity, level, well, range, anticipate], [product, sound, hear, music, way, heard], [work, great, give, throw, motion, balance], [sound, quality, great, sound, drop, stutter, ear, piece, take, get, use, theyre, bigger, ear, set, function, work, gym, circuit, training, treadmill, ive, come, bit, time, wet, sweat, tell, give, twist, minute, speed, walk, outdoors, issue], [product, work, advertise, sound, order, excellent, customer, service, seller], [headphone, use, fit, great, use, training, run, came, home, mow, yard, work, hour, go, battery, life, ive, purchase, thing, company, customer, service, class, kind, problem, make, hassle], [audio, quality, doesnt, shake, think, battery, life], [boyfriend, love, price, quality], [star, customer, service, deal, break, earbud, thing, quietest, earphone, know, man, library, condition, listen, podcasts, volume, turn, way, silent, retreat, ambient, nose, car], [headphone, great, sound, use, enjoy], [awesome, product], [fit, work, great], [product], [dont, fit, ear], [im, glad, purchase, wireless, headphone, daughter, purchase, pair, christmas, stop, work, month, well, quality, say, sound, quality], [doesnt, hold, charge, hour, disappoint], [excellent, product, sound, great, bass, definition, hand, ware, run, gym, fit, recommend], [advertise], [earphone, work, sound, quality, music, great, thats, okay, use, listen, podcasts, gym, week, use, eg, keep, battery, charge, link, bluetooth], [awesome, ear, plug], [update, review, love, comfort, sound, headphone, find, flaw, cause, damage, use, pair, coat, connect, wire, skin, make, wear, head, appropriate, way, wire, stick, neck, pull, wearing, wire, front, rectify, issue, discomfort, wire, catch, dumbells, hand, yank, earbuds, ear, result, hit, floor, come, apart, continue, use, result, damage, fair, know, solder, appropriate, tool, neither, tool, skill, company, come, alternative, coating, portion, connect, bridge, doesnt, stick, neck, review, try, number, headset, work, gym, environment, sound, dont, want, hear, conversation, weight, bang, noise, headset, price, range, issue, arent, sweat, dont, cancel, noise, purchase, mpow, headset, purchase, fail, meet, need, amaze, quality, product, comfort, sound, noise, cancel, durability, sweat, spot, design, work, gym, let, forget, price, beat, price, product, get, take, end, product, time, downside, find, product, rubber, material, use, connect, earpiece, get, annoy, neck, stick, skin, way, found, wear, loop, front, avoid, fix, type, nonadhering, material, center, loop, star, product], [price, complain], [awesome], [lot, stay, ear, run, lift, weight, problem, look, mpow, logo, get, eye, pea, stuck, head, know, boom, boom, powbr, love, thing], [headphone, use, run, neck, cord, doesnt, bother, cant, feel, part, pair, iphone, setup, ear, hook, assortment, find, size, stay, ear, problem, headphone, sound, quality, great, im, look, headphone, get, run, home, stereo, setup, max, volume, perfect, treadmill, distance, range, advertise, get, foot, start, skip, havent, use, microphone, havent, complaint, person, talking, hear, downside, go, tooth, headset, battery, dy, there, nothing, run, gotten, battery, alert, turn, silence, great, buy, recommend, friend], [far, get, door, activity, fit, simple, instruction], [love, headphone, sounding, earphone], [product, sound, battery, life], [complaint, product, work], [block, outside, noise, turn, fit, charge, doesnt, take, leave, hour, connect, piece, cake, theyre, awesome], [order, husband, love], [work, advertise, watch, redial, function, press, multifunction, button, twice, call, redial, number, call, nice, function, dont, forget, turn, headset, put, pocket, way, turn, function], [look], [ok, headphonesi, go, cordless, im, welder, im, period, time, weld, hour, get, head, phone, seem, jack, connects, phone, im, vacation, cant, say, yet, update, return, work], [item, fit, comfy, ear, doesnt, come, run, def, recommend, product]]","[[work week stop pair phone device seller great work offer direction issue customer service, -0.4449, 2], [please product price work longer expect charge, 0.9931, 4], [sound problem compound blyutuzu stop play leave earpiece problem solve way manufacturer sent headphone, 0.9001, 5], [leave headphone fell apart le month use time, 0.9233, 4], [expect stay ear snug im run speed sound quality good purchase, 0.8885, 5], [sound quality fit thank include pair bud pair hook stay put run battery life hour use, 0.8807, 5], [fit get getting seat sound quality stay connect, 0.8207, 5], [work complaint, -0.296, 1], [work great, 0.9539, 5], [fast connect iphone phone tell leave headphone feature gripe hour depend use button carry pouchcase protect great run gym wire recommend buy, 0.6489, 4], [work sound quality good battery life short time hearing battery message power, -0.5256, 2], [week do use work walking, 0.9023, 4], [product, 0.4927, 5], [product work advertise seems hold charge amount time fit ear stay put quality adequate price set earbuds recommend, 0.8074, 4], [ok headphone receive see mpow packagin see picture post hurt ear wear bit work im give star, 0.9668, 5], [bluetooth price use time enjoy sound, 0.6369, 5], [lot fit pair ipad galaxy phone ipod problem suppose use clip seem work fine use walk, 0.5719, 5], [work great value jabra step, 0.7269, 5], [get wife love say sound quality great compare headset own work cell phone company bluetooth headphone invent thats lot wireless headphone awesome, 0.7444, 5], [headset use connect phone sound great wear periods value money, 0.0516, 5], [earphone give star reason cut length use time battery noticebr use walk phone pocket sound cut time minute walkbr minute time receive battery notification time earphone lose power listen music speaker phone remainder walk frustrate people trail battery life time hour chargebr br feature likebr use talk feature person talk hear finebr lightweightbr whats go mebr connect device timebr change ear tip holder smallest size fit ear greatbr br using week issue quit work report ill review, 0.7906, 5], [awesome, 0.895, 4], [sound quality mean sound cheap shoe box tape recorder leave loud buzzing sound drive nut headset passion give overprice bit garbage star waste money bit junk, 0.9225, 5], [headphone work, 0.1531, 2], [work great charge find way fit ear, 0.0, 4], [purchase youre look something wont disappoint gym phone call eard phone call let side hang shoulder, 0.8622, 5], [use, 0.6249, 5], [running want leave chord bounce neck make loud thud sound step tuck ear rest chord fit tight head wear chord top head ear piece ear hook fit love technique ear hook super fall blue tooth discount couple time blue tooth receiver side move phone arm work amazon tooth garage speaker take kick mpow swift phone leave house connect price think deal use twice run, 0.9468, 5], [think true sound quality connectivitybut make angle extender go snap easilyi get use time pull bag use number piece snap drain, 0.6249, 5], [excellent sound performance look, 0.6249, 5], [review read review great product go record let everyone know headphone ear ear star rat sound qualityengineering price, 0.9169, 5], [product, 0.2732, 5], [buy take trip didnt cord headphone deal plane start use bike ride activity sound quality charge time excellent recharge time excellent issue run range bigger ear headphone drop player pas clothe excellent point, 0.0, 1], [headphone come follow instruction charge use bluetooth work awesome turn time charge give star review work mpow return sent pair poor review work change week use seventy eighty dollar head phone bit ebay sale price , 0.8098, 4], [sound quality ok pair order get audio fee, 0.4588, 4], [headphone dont seem stay ear ive try bud fall stay random stuff, 0.128, 3], [mine stop work week, 0.8979, 5], [perfect work, 0.9169, 5], [headphone doesnt fit ears price, 0.1367, 3], [pair get malfunction return receive pair company work stabilizer need keep headphone ear style use style work run bluetooth range better phone run pocket perfect overall bluetooth headphone set lightweight great sound quality, 0.9216, 4], [preface state samsung galaxy phone cant speak modelsbr br prosbr great sound bass quality decent job block noisebr runner use gym doesnt fall outbr doesnt module side model get way make sidebr connection distance expect foot set phone end room room door walk connection lossbr br consbr fit feel bud stick come piece attach help hold place ear come earbuds find say doesnt seem fall run nice compare model purchasedbr connecting earbuds lightweight control try make sit way neck tend tuck shirt front go gym, -0.8504, 1], [bang buck, 0.8934, 5], [fit connects phone sound price, 0.8928, 5], [product pair life hour thats considering wireless, 0.9201, 2], [awesome arrive charge time look term price quality, 0.6249, 5], [sounding ear bud lightweight lock ear buy, 0.2023, 4], [headphone great purchase ear headphone style lot accessory piece help get size stay matter activity level well range anticipate, 0.6249, 5], [product sound hear music way heard, 0.6249, 5], [work great give throw motion balance, 0.9714, 4], [sound quality great sound drop stutter ear piece take get use theyre bigger ear set function work gym circuit training treadmill ive come bit time wet sweat tell give twist minute speed walk outdoors issue, 0.0, 5], [product work advertise sound order excellent customer service seller, 0.9884, 4], [headphone use fit great use training run came home mow yard work hour go battery life ive purchase thing company customer service class kind problem make hassle, 0.6249, 5], [audio quality doesnt shake think battery life, 0.7778, 5], [boyfriend love price quality, 0.0, 3], [star customer service deal break earbud thing quietest earphone know man library condition listen podcasts volume turn way silent retreat ambient nose car, 0.8957, 4], [headphone great sound use enjoy, 0.09, 5], [awesome product, 0.5688, 4], [fit work great, 0.0516, 5], [product, 0.7375, 4], [dont fit ear, 0.5719, 5], [im glad purchase wireless headphone daughter purchase pair christmas stop work month well quality say sound quality, -0.9455, 4], [doesnt hold charge hour disappoint, 0.856, 4], [excellent product sound great bass definition hand ware run gym fit recommend, -0.6694, 4], [advertise, 0.6249, 5], [earphone work sound quality music great thats okay use listen podcasts gym week use eg keep battery charge link bluetooth, 0.9134, 4], [awesome ear plug, 0.3804, 4], [update review love comfort sound headphone find flaw cause damage use pair coat connect wire skin make wear head appropriate way wire stick neck pull wearing wire front rectify issue discomfort wire catch dumbells hand yank earbuds ear result hit floor come apart continue use result damage fair know solder appropriate tool neither tool skill company come alternative coating portion connect bridge doesnt stick neck review try number headset work gym environment sound dont want hear conversation weight bang noise headset price range issue arent sweat dont cancel noise purchase mpow headset purchase fail meet need amaze quality product comfort sound noise cancel durability sweat spot design work gym let forget price beat price product get take end product time downside find product rubber material use connect earpiece get annoy neck stick skin way found wear loop front avoid fix type nonadhering material center loop star product, 0.8555, 5], [price complain, 0.6249, 5], [awesome, -0.3773, 4], [lot stay ear run lift weight problem look mpow logo get eye pea stuck head know boom boom powbr love thing, 0.3384, 5], [headphone use run neck cord doesnt bother cant feel part pair iphone setup ear hook assortment find size stay ear problem headphone sound quality great im look headphone get run home stereo setup max volume perfect treadmill distance range advertise get foot start skip havent use microphone havent complaint person talking hear downside go tooth headset battery dy there nothing run gotten battery alert turn silence great buy recommend friend, 0.8268, 5], [far get door activity fit simple instruction, 0.7555, 4], [love headphone sounding earphone, 0.792, 4], [product sound battery life, 0.0, 5], [complaint product work, 0.6124, 5], [block outside noise turn fit charge doesnt take leave hour connect piece cake theyre awesome, 0.6249, 5], [order husband love, 0.6542, 1], [work advertise watch redial function press multifunction button twice call redial number call nice function dont forget turn headset put pocket way turn function, 0.7351, 5], [look, 0.5719, 5], [ok headphonesi go cordless im welder im period time weld hour get head phone seem jack connects phone im vacation cant say yet update return work, 0.7902, 5], [item fit comfy ear doesnt come run def recommend product, 0.3716, 4], [, 0.85, 5], [, 0.8555, 5]]"
B00WVWT98Y,[0.743],[5],"[[work, love, color]]","[[work love color, 0.743, 5]]"
B00WX95BY6,"[0.0, 0.9432]","[5, 5]","[[excellent, case, great, color, fit, nice, put, cell, phone, recommend], [come, week]]","[[excellent case great color fit nice put cell phone recommend, 0.0, 5], [come week, 0.9432, 5]]"
B00WXEVT5Q,[-0.5824],[1],"[[purchase, product, june, end, headset, crack, broke, put, head, sound, wasnt, wasnt, like, foldability, idea, cord, switch, side, wouldnt, purchase, expect, month, change]]","[[purchase product june end headset crack broke put head sound wasnt wasnt like foldability idea cord switch side wouldnt purchase expect month change, -0.5824, 1]]"
B00X8BHGGE,[-0.3612],[1],"[[price, proving, get, pay, work, product, kindle, work, tablet]]","[[price proving get pay work product kindle work tablet, -0.3612, 1]]"
B00X8LREE8,[0.8519],[5],"[[headphone, awesome, sound, quality]]","[[headphone awesome sound quality, 0.8519, 5]]"
B00X9LMB18,"[0.9824, 0.6115, 0.4927]","[5, 5, 4]","[[construction, make, fit, phone, build, kickstand, come, clipon, holder, attach, belt, purse, strap, clip, make, case, slide, belt, others, hadbr, case, combination, work, bargain, cheap, price, pay, purchase, case, brick, mortar, store, twice, price, case, good, otter, box, cost, costbr, try, cant, go, price], [happy], [please, purchase]]","[[construction make fit phone build kickstand come clipon holder attach belt purse strap clip make case slide belt others hadbr case combination work bargain cheap price pay purchase case brick mortar store twice price case good otter box cost costbr try cant go price, 0.9824, 5], [happy, 0.6115, 5], [please purchase, 0.4927, 4]]"
B00XAF0AIE,"[0.0, -0.6124, 0.0, 0.0, 0.6697, 0.8316, -0.17, 0.6249, 0.5413, 0.872, -0.6829, 0.0]","[5, 3, 5, 5, 5, 2, 3, 5, 1, 5, 3, 5]","[[start, listen, hear, music, time, music, sound, buggy, skip, return, waste, time, money], [commute, everyday, work, backbr, need, headphone, listen, tobr, musicthese, perfect, fit, billbr, love, sure, ill, wear, asbr, wellget, theme, try, ], [condition, expect], [love], [earpiece, stop, work, week, quality], [oem, ear, bud, wear, duplicate], [theyre, world, heard, well, price, sound, theyre, ok, isnt, bass, took, awhile, adjust], [quality, good, happy, work], [werent, manufacturer, quality, time, use, sound, ear, clog, sound, come, switch, one, come, phone, sound, clear, perfect, spend, extra, real, one], [expect], [expect, one, come, galaxy], [exelent, picture, description, show]]","[[start listen hear music time music sound buggy skip return waste time money, 0.0, 5], [commute everyday work backbr need headphone listen tobr musicthese perfect fit billbr love sure ill wear asbr wellget theme try , -0.6124, 3], [condition expect, 0.0, 5], [love, 0.0, 5], [earpiece stop work week quality, 0.6697, 5], [oem ear bud wear duplicate, 0.8316, 2], [theyre world heard well price sound theyre ok isnt bass took awhile adjust, -0.17, 3], [quality good happy work, 0.6249, 5], [werent manufacturer quality time use sound ear clog sound come switch one come phone sound clear perfect spend extra real one, 0.5413, 1], [expect, 0.872, 5], [expect one come galaxy, -0.6829, 3], [exelent picture description show, 0.0, 5]]"
B00XAMAZ96,[0.9963],[5],"[[clearfrosted, version, fosmon, case, terrific, gel, case, lumia, case, cost, triple, price, fosmon, become, clearfrost, version, clear, side, panel, let, color, phone, show, panel, coat, white, frost, provide, secure, grip, phone, allow, phone, color, show, clear, frost, version, look, perfect, phone, blue, black, lumiabr, br, case, provide, ledge, screen, protects, place, phone, face, lumia, phone, drop, wood, floor, zero, damage, luck, combine, gel, casebr, br, black, version, fosmon, case, transparent, look, okay, black, lumia, side, panel, shiny, glossy, black, finish, provide, secure, grip, phone, prefer, use, version, black, lumia, use, casebr, br, power, button, volume, button, cover, press, bit, port, size, standard, size, headphone, plug, charge, plugbr, br, want, nice, look, grippy, case, lumia, add, bulk, weight, fosmon, clear, version, dura, frost, great, choice]]","[[clearfrosted version fosmon case terrific gel case lumia case cost triple price fosmon become clearfrost version clear side panel let color phone show panel coat white frost provide secure grip phone allow phone color show clear frost version look perfect phone blue black lumiabr br case provide ledge screen protects place phone face lumia phone drop wood floor zero damage luck combine gel casebr br black version fosmon case transparent look okay black lumia side panel shiny glossy black finish provide secure grip phone prefer use version black lumia use casebr br power button volume button cover press bit port size standard size headphone plug charge plugbr br want nice look grippy case lumia add bulk weight fosmon clear version dura frost great choice, 0.9963, 5]]"
B00XBH99RY,[0.8442],[5],"[[color, make, phone, feel, larger]]","[[color make phone feel larger, 0.8442, 5]]"
B00XKNJ9VU,[0.6249],[5],"[[come, describe, arrive, look]]","[[come describe arrive look, 0.6249, 5]]"
B00XL4PEMG,[0.7251],[5],"[[bought, car, cord, use, house, car, price, quality, go, buy, travel]]","[[bought car cord use house car price quality go buy travel, 0.7251, 5]]"
B00XQFMKDQ,[0.4215],[5],"[[nice, unit, help, reduce, clutter, desk, centralize, device, charge, station]]","[[nice unit help reduce clutter desk centralize device charge station, 0.4215, 5]]"
B00XQTK8FE,[0.4019],[1],[[leather]],"[[leather, 0.4019, 1]]"
B00YAKH018,[0.4404],[4],"[[fix, good, iphone]]","[[fix good iphone, 0.4404, 4]]"
B00YD54ZWM,[0.0],[1],"[[refurb, refurbed, send, clock, doesnt, work, wont, hold, wifi, connectionsad]]","[[refurb refurbed send clock doesnt work wont hold wifi connectionsad, 0.0, 1]]"
B00YFRBXZK,[0.5719],[5],"[[perfect, size, lg, g, otter, box, come, stylist]]","[[perfect size lg g otter box come stylist, 0.5719, 5]]"
B00YU3CXE4,[0.9623],[5],"[[color, vibrant, phone, love, pick, help, get, case, lol]]","[[color vibrant phone love pick help get case lol, 0.9623, 5]]"
B00Z0PZJO2,[0.0516],[5],"[[phone, case, iphone, problem, plug, headphone, power, cord, cover]]","[[phone case iphone problem plug headphone power cord cover, 0.0516, 5]]"
B00Z35PRI2,"[0.5719, 0.9429]","[5, 4]","[[appreciate, temper, glass, screen, come, tin, keep, secure, travel, know, mail, carrier, time, purpose, open, tin, see, wrap, bit, foam, goody, instal, screen, word, advice, bathroom, shower, wait, sauna, use, guide, sticker, provide, put, screen, way, fool, align, iphone, reason, think, otterbox, commuter, cover, gap, didnt, remove, star, yes, want, front, cover, price, go, im, assume, glass, screen, go], [excellent]]","[[appreciate temper glass screen come tin keep secure travel know mail carrier time purpose open tin see wrap bit foam goody instal screen word advice bathroom shower wait sauna use guide sticker provide put screen way fool align iphone reason think otterbox commuter cover gap didnt remove star yes want front cover price go im assume glass screen go, 0.5719, 5], [excellent, 0.9429, 4]]"
B00Z9WM6W4,[-0.5719],[1],"[[hate, doesnt, work]]","[[hate doesnt work, -0.5719, 1]]"
B00ZB7M88Y,[0.8892],[5],"[[please, case, wish, way, protect, speaker, microphone, area, buy]]","[[please case wish way protect speaker microphone area buy, 0.8892, 5]]"
B00ZGPE7T4,[0.7841],[5],"[[ship, screen, appear, oem, come, instal, glass, make, installation, home, button, extension, make, pull, ribbon, mid, frame, easy, installation]]","[[ship screen appear oem come instal glass make installation home button extension make pull ribbon mid frame easy installation, 0.7841, 5]]"
B00ZHW0XT4,[0.0],[5],[[expect]],"[[expect, 0.0, 5]]"
B00ZPTE8VS,"[0.6369, 0.7003]","[5, 4]","[[nice, simple, cute, phonecase]]","[[nice simple cute phonecase, 0.6369, 5], [, 0.7003, 4]]"
B00ZR705KQ,"[0.7964, 0.9562, 0.9441]","[3, 5, 5]","[[band, well, thoughtbr, apple, sport, watch, space, gray, ideal, bandbr, br, prosbr, cheap, doesnt, feel, color, perfect, youre, star, watch, band, meet, youll, tellbr, clasp, wiggle, shake, lock, linksbr, come, adjustment, tool, glass, screen, cover, includedbr, remove, band, tool, includedbr, deliver, day, earlybr, br, consbr, remove, apple, band, hey, br, thats, itbr, br, band, worth, pennyill, attach, picture, see, color], [apple, watch, band, outstanding, look, apple, band, compare, le, link, band, ive, try, use, latch, bottom, product, name, couldnt, wait, get, rid, cheap, look, apple, sport, band, happy, purchase, fast, prime, delivery], [bracelet, compare, apple, charge, found, taper, watch, use, loop, connector, bracelet, come, retail, box, include, tool, diy, link, removal, tool, broke, use, thats, okay, tool, come, screen, protector, arrive, crack, poor, packaging, bracelet, good, quality, fit, sport, band, aware, bracelet, doesnt, match, color, sport, case, see, picture]]","[[band well thoughtbr apple sport watch space gray ideal bandbr br prosbr cheap doesnt feel color perfect youre star watch band meet youll tellbr clasp wiggle shake lock linksbr come adjustment tool glass screen cover includedbr remove band tool includedbr deliver day earlybr br consbr remove apple band hey br thats itbr br band worth pennyill attach picture see color, 0.7964, 3], [apple watch band outstanding look apple band compare le link band ive try use latch bottom product name couldnt wait get rid cheap look apple sport band happy purchase fast prime delivery, 0.9562, 5], [bracelet compare apple charge found taper watch use loop connector bracelet come retail box include tool diy link removal tool broke use thats okay tool come screen protector arrive crack poor packaging bracelet good quality fit sport band aware bracelet doesnt match color sport case see picture, 0.9441, 5]]"
B010NN44FU,"[0.6249, 0.0387]","[5, 3]","[[product, receive, time, come, everything, need, change, coverplate, spare, part], [end, use, samsung, replace, phone, issue, clip, phone, go, keep, use, look, fit, problem, package, everything, say]]","[[product receive time come everything need change coverplate spare part, 0.6249, 5], [end use samsung replace phone issue clip phone go keep use look fit problem package everything say, 0.0387, 3]]"
B010Q28KHQ,[-0.0909],[4],"[[im, addict, micheal, kor, saw, case, disappoint, thought, case, go, leather, wasnt, second, thing, think, mk, emblem, case, guess]]","[[im addict micheal kor saw case disappoint thought case go leather wasnt second thing think mk emblem case guess, -0.0909, 4]]"
B010TTN850,[0.2732],[1],"[[crack, fall, carpet, area, phone, screen, crack]]","[[crack fall carpet area phone screen crack, 0.2732, 1]]"
B010XDJZ4U,[0.0],[5],[[post]],"[[post, 0.0, 5]]"
B0113DMF6Y,[0.8856],[5],"[[keep, pone, slim, great, color, simple, feel, case, doesnt, feel, slippery, protects, side, button, expose, screen, issue, bad, get, screen, protector, packaging]]","[[keep pone slim great color simple feel case doesnt feel slippery protects side button expose screen issue bad get screen protector packaging, 0.8856, 5]]"
B011A8ZZWI,[0.0],[2],"[[decent, product, stay, curve, edge, case, buy, supcase, fullbody, rugged, holster, case, builtin, screen, protector, samsung, galaxy, edge, hold, edge, reason, find]]","[[decent product stay curve edge case buy supcase fullbody rugged holster case builtin screen protector samsung galaxy edge hold edge reason find, 0.0, 2]]"
B011GWZ8TS,[0.4404],[3],"[[th, cover, month, company, par, good, thing, r, cheap, buy]]","[[th cover month company par good thing r cheap buy, 0.4404, 3]]"
B011LJA1TS,"[0.9682, 0.0]","[5, 3]","[[think, temper, glass, go, thicker, order, replace, crack, protect, screen, thinner], [screen, protector, screen, silky, smooth, feel, install, clear, clarity, dont, notice, difference, screen, feel, look, samebr, apply, screen, clean, dust, debris, phone, use, alcohol, pad, dust, absorber, take, phone, bathroom, turn, shower, settle, dust, process, take, minute, completebr, br, good, investment, cell, phone, save, cost, repair, crack, scratch, screen, recieved, discount, honest, opinion]]","[[think temper glass go thicker order replace crack protect screen thinner, 0.9682, 5], [screen protector screen silky smooth feel install clear clarity dont notice difference screen feel look samebr apply screen clean dust debris phone use alcohol pad dust absorber take phone bathroom turn shower settle dust process take minute completebr br good investment cell phone save cost repair crack scratch screen recieved discount honest opinion, 0.0, 3]]"
B011QCWYW2,[0.0156],[3],"[[case, decent, nice, snug, fit, phone, kick, stand, phone, use]]","[[case decent nice snug fit phone kick stand phone use, 0.0156, 3]]"
B012ELUL06,[0.836],[5],"[[perfect, love]]","[[perfect love, 0.836, 5]]"
B012V0LWB2,[0.5574],[4],"[[armband, soft, worn, galaxy, note, fit, case, phone, screen, plastic, cover, recomend, use, holder, key, slip, slot, otherwise, key, fall, walk, run, open, bottom, phone, place, headphone, jack, cover, put, head, set, stretch, material, hole, use, bluetooth, headphone, issue, job, hold, samsung, galaxy, note, run]]","[[armband soft worn galaxy note fit case phone screen plastic cover recomend use holder key slip slot otherwise key fall walk run open bottom phone place headphone jack cover put head set stretch material hole use bluetooth headphone issue job hold samsung galaxy note run, 0.5574, 4]]"
